sample_id	cluster_id	size	mean	std
RA005_L5c	0	71	0.991260291	0.010851456
RA005_L5c	1	61	0.148581199	0.012556478
RA005_L5c	2	1	0.559130698	0.234117457
RA005_L5c	3	1	0.578190789	0.225954561
RA005_L5c	4	1	0.622867009	0.193856935
RA005_L5c	5	1	0.619105937	0.214165057
RA005_L5c	6	1	0.596251703	0.291332147
RA005_L5c	7	1	0.542912426	0.20664863