sample_id	cluster_id	size	mean	std
RA000_Li5a	0	624	0.999782925	0.001480529
RA000_Li5a	1	8	0.218058524	0.091738846
RA000_Li5a	2	1	0.294016899	0.186497107
RA000_Li5a	3	1	0.295666937	0.171744908
RA000_Li5a	4	1	0.283955605	0.182145464
RA000_Li5a	5	1	0.261380541	0.176405286
RA000_Li5a	6	1	0.292345779	0.188325879