sample_id	cluster_id	size	mean	std
RA000_Li2c	0	542	0.995274819	0.007107119
RA000_Li2c	1	1	0.28517572	0.150638603
RA000_Li2c	2	1	0.337791917	0.186155505
RA000_Li2c	3	1	0.171341078	0.089502213
RA000_Li2c	4	1	0.268163485	0.148992687
RA000_Li2c	5	1	0.354492951	0.225487694