sample_id	cluster_id	size	mean	std
RA000_Li4a	0	599	0.984654425	0.01142106
RA000_Li4a	1	1	0.480522479	0.202169712
RA000_Li4a	2	1	0.384048531	0.225175278
RA000_Li4a	3	1	0.431713964	0.216804074
RA000_Li4a	4	1	0.32217078	0.188047186
RA000_Li4a	5	1	0.231416913	0.126620363
RA000_Li4a	6	1	0.453058963	0.20925097
RA000_Li4a	7	1	0.336864999	0.206835188
RA000_Li4a	8	1	0.326048161	0.17455496
RA000_Li4a	9	1	0.321693976	0.127702341