sample_id	cluster_id	size	mean	std
RA004_L8b	0	192	0.979137568	0.015002865
RA004_L8b	1	20	0.141200282	0.022988333
RA004_L8b	2	1	0.427333036	0.213035833
RA004_L8b	3	1	0.430335041	0.249973644