sample_id	cluster_id	size	mean	std
RA005_L4a	0	24	0.989499798	0.013417678
RA005_L4a	1	40	0.357234022	0.018882268
RA005_L4a	2	1	0.634304799	0.20669974
RA005_L4a	3	1	0.669153409	0.209020912
RA005_L4a	4	1	0.685195341	0.163959491
RA005_L4a	5	1	0.679718563	0.206392071